<application>
  <component name="SvnApplicationSettings">
    <option name="myCheckoutURLs">
      <list>
        <option value="svn://192.168.1.14/hxhzadmin/hxhz-platform" />
        <option value="svn://192.168.1.14/hxhzadmin" />
      </list>
    </option>
    <option name="myTypedURLs">
      <list>
        <option value="svn://192.168.1.14/hxhzadmin/hxhz-platform" />
        <option value="svn://192.168.1.14/hxhzadmin" />
      </list>
    </option>
    <option name="mySvnCommandLine" value="D:\develop_soft\TortoiseSVN\bin\svn.exe" />
  </component>
</application>